{
    "fold": [
        1,
        2,
        3,
        4,
        5
    ],
    "best_epoch": [
        20,
        28,
        31,
        25,
        33
    ],
    "best_val_accuracy": [
        97.05882352941177,
        100.0,
        97.05882352941177,
        100.0,
        100.0
    ]
}