fold,best_epoch,best_val_accuracy
1,20,97.05882352941177
2,28,100.0
3,31,97.05882352941177
4,25,100.0
5,33,100.0
